cell_type,M_1,M_2,M_3,M_4,M_5,M_6,M_7,M_8,M_9,M_10,M_11,M_12,M_13,M_14,M_15,M_16,M_17,M_18,M_19,M_20,M_21,M_22,M_23,M_24,M_25,M_26,M_27,M_28,M_29,M_30,M_31,M_32,M_33,M_34,M_35,M_36,M_37,M_38,M_39,M_40,M_41,M_42,M_43,M_44,M_45,M_46,M_47,M_48,M_49,M_50,M_51,M_52,M_53,M_54,M_55,M_56,M_57,M_58,M_59,M_60,M_61,M_62,M_63,M_64,M_65,M_66,M_67,M_68,M_69,M_70,M_71,M_72,M_73,M_74,M_75,M_76,M_77,M_78,M_79,M_80,M_81,M_83,M_84,M_85,M_87,M_88,M_89,M_90,M_91,M_92,M_93,M_94,M_95,M_96,M_97,M_98,M_99,M_100,M_101,M_102,M_103,M_105,M_106,M_107,M_108,M_109,M_110,M_111,M_112,M_113,M_114,M_115,M_116,M_117,M_118,M_119,M_120,M_121,M_122,M_123,M_124,M_125,M_126,M_127,M_128,M_129,M_130,M_131,M_132,M_133,M_134,M_135,M_136,M_137,M_138,M_139,M_140,M_141,M_142,M_143,M_144,M_145,M_146,M_147,M_148,M_149,M_150,M_151,M_152,M_153,M_154,M_155,M_156,M_157,M_158,M_159,M_160,M_161,M_162,M_163,M_164,M_165,M_166,M_167,M_168,M_169,M_170,M_171
Dendritic Monocyte Cells,0.01280990375,0.00034160064806848636,0.010336104154545455,0.0008163008348629205,-4.700715234090909e-05,0.006362068359090909,0.026441178363636363,0.03138044125,0.022879632909090907,0.0009427267009090909,-4.499134722727273e-06,-3.779518688636364e-05,-1.5467405331363637e-05,0.017190695,2.5341372568181818e-05,-1.2561213454545455e-07,-1.2479722e-06,0.0027122247204545455,0.016415892886363637,0.0026983619,0.026408095454545453,0.009908483329545454,0.013821412727272726,0.00746214794090909,0.005866701638636363,-1.6849728520986363e-06,0.0029565868136363638,-9.52785345909091e-06,0.005110525588636363,1.3972636089075e-05,0.021081233615909092,0.006220397011363636,0.013298350295454547,0.017495718136363636,3.093684259090909e-07,0.001854244922727273,0.0005281344,2.358574456818182e-06,0.011943622636363636,5.7036230945454545e-08,5.820765999999999e-11,-2.0325744871249997e-06,-6.314367002272727e-07,0.0009431392,0.013592623818181819,-2.1956395456818182e-05,0.0070481226318181815,0.017152776068181816,-7.247552299999999e-06,-9.679362454545454e-06,-1.8777658997227274e-07,0.010175258,0.00926290011590909,5.095816088636364e-08,1.0677274670454546e-05,0.013220597409090908,2.143100222727273e-10,0.0003586486002272727,-6.655231e-06,0.008774446518181819,9.814827568181819e-06,0.008596879960454546,-1.5107533977272727e-09,0.008234233,1.111237193409091e-08,-1.0619828679545455e-06,0.010536495113636364,0.02151226990909091,-2.618205992727273e-05,-1.2845320916295909e-05,0.008466211372727272,0.017166828045454545,0.0210467025,2.7738172681818186e-06,0.006504849974999999,0.012417819011363636,-1.0477379e-07,-7.865939552727272e-06,4.036352027272727e-06,0.0019115006340909091,-6.923166475454545e-06,0.022439599,0.0025030865295454546,3.1199306e-08,0.019691497,-1.1252466740863637e-07,-6.182500248181818e-07,0.0014011348727272727,-3.6923553659090906e-06,0.0029999796727272726,-1.9214200454545455e-05,1.2062108772727274e-06,0.010123592386363636,0.0045188665,-1.4107674e-05,6.049363429545455e-08,-1.648441e-07,-3.2865730825546135e-05,1.4342368e-07,0.015526830999999998,0.011785692454545455,0.0001390586509090909,9.517651090909091e-06,4.2826594015365e-05,0.006767409775,-1.1102449754590909e-07,-2.4822922034090907e-08,0.0018826665454545455,-5.019507212307545e-05,5.574304090227268e-06,1.3996297022727273e-09,0.003253429093181818,0.013927746211363638,0.007224682402272728,0.002557704015909091,0.009807334345454546,2.2515231363636366e-05,1.3174091159397047e-05,0.005621565,-1.735842409965909e-06,0.0049075471363636365,0.00045600151752272724,0.0011697452181818181,0.011669369340909092,7.627532000000001e-07,0.015726287431818184,0.0007229473983681819,5.3452074e-05,0.020640876681818184,1.2934006846672728e-06,0.013945968250000001,0.02239703671590909,0.008201966886363637,0.0076638452999999995,2.0631758318181817e-05,0.010909572263636364,0.032688810136363634,0.028634434454545454,0.011196623374999999,0.016063945545454546,0.016000932795454545,0.004252584115909091,0.008489596613636364,0.00382650775,0.014664229352272727,4.9608801136363635e-11,0.0071557103159090914,-9.676230050000001e-08,-1.8102730693477272e-05,0.0006832369673181818,-2.3949805e-08,-9.404619735147727e-06,-3.953258083181819e-06,8.028635695454544e-07,0.01062211190909091,0.00033254972113636364,0.0009619595468181818,0.0021154013568181816,0.0026162019386363634,0.0035826096750000004,-1.844305500610682e-05,-3.275556785679546e-07,-1.965306259613182e-05,0.00014960783010945454,-0.00011465004240522727,0.005018568161363636,0.0002267247209090909,0.0001496142613636364
Epithelial Cells,0.01099569557913669,0.0007401641527236167,0.00857774085707434,0.0019925055659859832,5.653208504064525e-05,0.005754485634944843,0.026501421242206235,0.03589407898081535,0.024293232359712227,0.001394313297146283,9.365424868908968e-06,-2.3897378104748196e-05,5.551919980948214e-05,0.016863793430627865,2.4916954805859953e-05,-1.24638656882494e-07,-1.0614675989225418e-06,0.002629966634845587,0.01692893702206235,0.0026983619,0.02480218709421361,0.009931879517985612,0.013552210388752997,0.007478533791846523,0.009527293621582734,-4.699177403404317e-06,0.002950602968058993,-5.648435965155874e-06,0.004741256026157051,9.040590588446172e-05,0.015627799368105516,0.006299258858033573,0.013568952063549161,0.017967522380095923,3.0345035354916067e-07,0.001829502205075288,0.0005023604391247002,2.396371192326139e-06,0.011886696433333333,2.0150598868345322e-08,5.820765999999999e-11,-1.4315500887881057e-06,-2.7486564237582735e-07,0.0009431355906954436,0.01112407902997602,4.4524492241862454e-05,0.007513413612230216,0.017378931944844123,-7.2475523e-06,-7.150120678117506e-06,-1.6081910539016785e-07,0.010128393561044917,0.009748220508872902,2.7690766125659476e-07,1.0878061994004797e-05,0.014213342630695444,6.298152667625898e-10,0.00035859206896882487,-6.655231e-06,0.011849529093525182,1.4050191395683452e-05,0.00999048948745111,1.1035446573069545e-08,0.008174053511728922,3.783916747841727e-08,-9.539099010407674e-07,0.010545074617505994,0.019006268381294964,-1.821913856904557e-06,-5.341131703531904e-07,0.008376441904564267,0.017094674743477218,0.01995055716089515,2.7923194491606716e-06,0.0063740570401777065,0.012042668670376776,-1.0477379e-07,-6.239223254517985e-06,3.845500142925659e-06,0.0018106349853717026,-6.56064291294964e-06,0.022439599,0.002536441249470024,3.1199306e-08,0.019609020662110312,-1.0470901941318945e-07,-8.714873371151078e-07,0.0013971025241726618,-3.4492263400634294e-06,0.0028210493003272183,-1.0830642551558752e-05,1.2758069275779377e-06,0.010142163318944844,0.0045188665,-1.4107674e-05,7.487654809832134e-08,-1.648441e-07,-2.23150142670024e-05,1.505414856115108e-07,0.015317339301568344,0.011795849,0.00013566029637593764,9.507092857314147e-06,0.00027368151958784515,0.006677373529092806,1.8725676735704075e-06,-2.514571e-08,0.0018663942807194244,1.464971954154659e-07,0.0006380074297321895,1.4137343035971224e-09,0.003315626111510791,0.008307172230455635,0.007173081515262158,0.002576281495322782,0.0063385496618705035,2.2532253527577936e-05,1.3867564265555851e-05,0.005621752899040768,1.1065599060352527e-07,0.0049054088369304555,0.0006179612010383693,0.0011695140731414868,0.011564341700335731,7.102864606768105e-07,0.015727456685851317,3.273248666306954e-05,5.342971269304556e-05,0.005035785316546763,1.9753095613468827e-06,0.014006143453237412,0.022607547882494007,0.009570017453717028,0.007664107007913669,2.1158282043165468e-05,0.00778841364676259,0.04139879126858513,0.028700509309352522,0.011111599363069543,0.016056133678657075,0.016000991762589928,0.00425256662853717,0.008489756884892088,0.00378004538065036,0.015895933667865708,3.285173310551559e-10,0.007168413630455636,-3.7490759709832126e-08,-1.1171139378144675e-05,0.0019255534016702327,-7.564818127577938e-08,-1.7921785676284165e-06,-6.25318822583338e-06,8.536141082973621e-07,0.010596561528776978,0.00033260928717026374,0.0009439974750643978,0.002567710661151079,0.0026104719393285373,0.0035557827269046523,-2.917525357033141e-06,2.939092733168729e-06,-1.5867037832864173e-05,0.0009720920561094952,-5.537682647106066e-05,0.006504919153432662,0.00022664674788968825,0.00014956863496402877
Fibroblast Cells,0.01058749195769362,0.00011751570150214834,0.0067611755584442166,0.0005124957323912722,-3.1510403283615136e-05,0.006606016727669737,0.02643857146468782,0.043627249045718186,0.02400972531149778,0.0008849958553735927,-3.140450973717001e-06,-3.790136418379392e-05,-1.651401273802064e-05,0.0171455813234391,2.545672165336063e-05,-1.2517360106175367e-07,-1.2458887212794267e-06,0.0027013988506653023,0.016950116704878882,0.0027658545001023544,0.026739441686796313,0.00993586772483794,0.013807867130160354,0.007420736279222109,0.015303734976219719,-6.710351832290914e-06,0.0029543307405837153,-9.46870418403514e-06,0.005099592422006141,-4.723196896574466e-06,0.017208543160116,0.006292302462197203,0.013367764504264756,0.038788489803650635,4.791238397304674e-07,0.001839914859740703,0.0005277132804401228,2.3785063625042647e-06,0.011953454072330264,-1.4847818742749915e-10,5.820766e-11,-5.115799805673831e-07,-6.29520710819379e-07,0.0009431410301023542,0.017236899990958718,-1.303827057776721e-06,0.008318335657659501,0.017475323877175028,-7.240785535246558e-06,-9.273521765102231e-06,-1.5612767166752303e-07,0.010218124164619584,0.024719780011668375,4.7367412490446947e-07,1.1390235227226202e-05,0.015007047415216648,2.5791296036506313e-10,0.0003604068266734903,-6.652871395305357e-06,0.015317408029853291,1.7914096172807916e-05,0.010469496509655406,-1.5103210058000682e-09,0.00820988073200273,1.1163637809109519e-08,-1.098015932920505e-06,0.010551450017400205,0.01892473598669396,-2.344361195157161e-05,-1.2834444843620391e-05,0.008552521519856703,0.01713048271429727,0.020967300187990447,2.772760494541112e-06,0.006522906781883316,0.012591856110826681,-9.771989932850563e-08,-8.059345936940942e-06,3.7936889709996588e-06,0.00179289823671102,-7.065188323682327e-06,0.022439599,0.002677560396854316,3.2721483046741724e-08,0.01959875521272603,-1.1922271279942e-07,-9.331687800423747e-07,0.0013977061413374275,1.4298592913355619e-05,0.003033025499044695,-1.5083068983941992e-05,1.423075504947117e-06,0.010210283243602866,0.004507062702149437,-1.4039195905315593e-05,6.900270947628797e-08,-1.6422544208734222e-07,-3.960661963853395e-05,1.4348389334015694e-07,0.015477641600921186,0.0116576189408666,0.00013769154548990174,9.513170722279084e-06,0.0003904320905915147,0.0067387501609689525,3.8651250851927557e-10,3.3190131880645175e-06,0.001886735238723985,-3.913336733711926e-05,0.001255144499009024,1.3984932078812693e-09,0.0033320935636301603,0.009436078241351073,0.007224720274070283,0.002584595566939611,0.03035473812487206,2.2897206397475267e-05,7.584020173409894e-05,0.00602705648024565,-1.9623911186819443e-06,0.0048915491773797335,0.001865859345280109,0.0011696778183555101,0.011649658537632208,7.625403079870351e-07,0.015726779011258955,0.003077060913524633,5.345267170487888e-05,0.022323804960798364,2.635039622430522e-06,0.013929530478505628,0.033686908153872396,0.011116929374957353,0.007663859415489594,2.3095982596383485e-05,0.014204469163732514,0.06035882843364039,0.02894788476526783,0.011214179293756395,0.01623078280825657,0.016000986821903786,0.004336426933196861,0.00848973095018765,0.0038238288421016714,0.02194097524411464,4.485425544831116e-10,0.007177405006345957,-7.344562663028319e-08,7.661802298118711e-06,0.005203082300202598,2.5526918872575915e-08,6.959025888122491e-06,1.0722578361052449e-05,7.689569358717161e-07,0.0105925497395087,0.000332681528567042,0.0009572984073660866,0.0025129170439440467,0.0026170578934834525,0.003698085512146025,4.3821169914586706e-05,1.7151753043036267e-06,3.13095406770868e-05,0.0005815017435060679,0.0015370961092141802,0.018312601064585467,0.00022675618396110543,0.00014963124688161037
Fibroblasts: Clec3b+ (outer/basal),0.012949051493983958,-8.574154713641029e-06,0.007599740639705883,0.0008481485928942964,-3.722006222265818e-05,0.006567691517780749,0.026442726278074865,0.0388596377513369,0.024253350835561495,0.0010434644295989305,-2.9116707884301474e-06,-3.8003316250262254e-05,-1.4613651887804988e-05,0.017139361076203206,2.5388969495989306e-05,-1.253176721483957e-07,-1.2434637548663102e-06,0.002690948126604278,0.016943763294117647,0.0027395779546791443,0.02671884720187166,0.009936230303475936,0.013780582019385026,0.007429770492914438,0.015415064775534759,-6.331685500782941e-06,0.002953492471524064,-9.300663630441177e-06,0.005089257886978609,1.0196224059295601e-05,0.02624110448435829,0.00631799190802139,0.013618345029411765,0.026004756707219252,4.954847764438502e-07,0.0018144681243235294,0.0005268018155213905,2.371523312433155e-06,0.011953641286096257,-1.5415691771390374e-10,5.8207660000000005e-11,2.8898840173395673e-08,-6.23911414323262e-07,0.0009431407537433156,0.018662817359625668,-3.829058871969158e-06,0.007797138830614974,0.017403764975935827,-7.237539337299465e-06,-9.343819885160427e-06,-1.4984313242811497e-07,0.010199299427807486,0.032523384219786095,3.6005453660828876e-07,1.1351009338903744e-05,0.01550943235895722,2.750856688368984e-10,0.0003876678442112299,-6.655231e-06,0.014376436269786096,1.5385458934491978e-05,0.010399270796256684,-1.4779143154278075e-09,0.008204456130614974,1.0876428603208558e-08,-1.0975723326203209e-06,0.010569222130347593,0.019516011872994652,-1.9464612075727354e-05,-8.129420661001939e-06,0.008538637600935829,0.01720898212687166,0.020976145254679144,2.7730776937165776e-06,0.006521373831684492,0.012546927364171121,-1.0464305621390376e-07,-7.973926322366309e-06,4.538606329946524e-06,0.0018218299303475937,-7.030937159719252e-06,0.022439599,0.0025530288241978607,3.6370138521390375e-08,0.0196201925828877,-1.1883700790909091e-07,-9.327195621256685e-07,0.001398475574131016,1.8343997768878126e-05,0.0029923280074866314,-1.7764322980347594e-05,1.2641209735294117e-06,0.010148316781417113,0.004517536372058823,-1.4099441510026737e-05,6.424818426871658e-08,-1.630169390213904e-07,-3.7869213133731285e-05,1.4357744762032087e-07,0.01543961089973262,0.011627734715240375,0.00013754789678342247,9.522858035427807e-06,0.0014942099421565123,0.006577436383903744,3.6379525370778477e-06,0.00024192693041840958,0.001887889065909091,-4.0412983479499396e-05,0.0017272142078765327,1.3996297022727273e-09,0.0033464727360962565,0.010171674307219252,0.007225101091577541,0.0025755445088235292,0.04003060651096257,2.32551694986631e-05,0.00010318448864116042,0.005934314837165775,-2.0084606244117645e-06,0.004901573242914438,0.004216709773895722,0.0011698837514705883,0.011625686446791444,7.624979577540107e-07,0.015727047570855614,0.001233022273130615,5.345831424732621e-05,0.022496385108556147,2.604563730335107e-06,0.013942429395053477,0.03477226520989305,0.018562465662700534,0.007663844191176471,2.444800946390374e-05,0.025501052062700535,0.08585436170721926,0.029467215512032085,0.011244365890374333,0.016343759894385027,0.016001013971925132,0.0043925531770053474,0.008489803491310162,0.0037306574389037433,0.027489258743315505,1.1640753995187165e-09,0.0071619580544117645,-8.669813290467915e-08,9.226692166361298e-06,0.004514888758312816,-2.8205657590013367e-08,2.0880172376839036e-06,-1.79456091578861e-06,7.696223272994652e-07,0.010599233501336899,0.00033264086322192513,0.000953281534486631,0.0028101935930481283,0.0026168094148395723,0.003692037311497326,1.4065189082871884e-05,8.89305589151845e-07,1.33603209913679e-05,0.0006179386719765118,0.0002154606661487816,0.010981180982486632,0.00022675168501336897,0.0001496217617513369
Glandular Epithelial Cells,0.035680622466666666,0.00015756199033910667,0.007038185031111112,0.00044491065552606666,-2.6904512167712004e-05,0.006048579346666667,0.026506759688888888,0.0409919936,0.024204923577777777,0.0011806733075555556,-2.7955121908006665e-06,-3.8923074866666665e-05,-9.366810438081556e-06,0.017001478644444443,2.551128528888889e-05,-1.2549054533333334e-07,-1.100937096111111e-06,0.002525142348666667,0.01696837,0.0027061571933333336,0.024046307605111113,0.009909717977777777,0.013351868111111111,0.007560107397777778,0.012021710517777779,-4.727931467111111e-06,0.002955382408888889,-7.297885112733333e-06,0.004797936464444445,0.001082843485513621,0.02898444008888889,0.006368531131111112,0.01731870177777778,0.045453315466666665,7.140657135555556e-07,0.0018520487377777777,0.00047901107088888894,2.3694916222222223e-06,0.01195355648888889,-2.1084107955555557e-10,5.820766e-11,-1.6666017551111112e-06,-4.565653702222222e-07,0.0009431405244444445,0.011679787144444445,-9.822804101075555e-06,0.009246445311111112,0.017353034777777776,-7.147176422222223e-06,-9.441624022222221e-06,-2.5935005157999996e-07,0.010123555577777778,0.03477749096222223,4.937975794666666e-07,1.1262463222222222e-05,0.017852438766666666,2.6258122466666665e-10,0.0003606296268888889,-6.655231e-06,0.014890473417777779,1.116452951111111e-05,0.009853296957777776,-1.0425638913333332e-09,0.0081071648,1.1527704111111113e-08,-1.0624010282222222e-06,0.010530733233333334,0.01822170548888889,-2.377700680111111e-05,-8.715989315888889e-06,0.00801257724,0.017387171733333335,0.020119192844444442,2.7747203755555556e-06,0.0064594510644444434,0.012245014644444444,-1.0477379000000001e-07,-6.648028724444444e-06,5.050707168888889e-06,0.0021257367444444445,-7.061619073333333e-06,0.022439599,0.0024655255844444448,3.1199306e-08,0.019603170222222223,-1.1782265211111113e-07,-9.339923673333332e-07,0.0013846741955555555,1.523960313413711e-05,0.002338555455111111,-1.9367784e-05,1.2224953822222222e-06,0.010133458011111112,0.004518763186666667,-1.4107094511111111e-05,5.969777677777778e-08,-1.6268136144444445e-07,-2.8643053739777778e-05,1.4344437599999998e-07,0.015330466199999998,0.01177743377777778,0.0001387478571111111,1.1691947855555555e-05,5.0913382422577775e-05,0.006707798768888889,-3.490907428555556e-08,-2.5135361955555555e-08,0.0018856734066666667,-4.6097528599999997e-05,3.763809791377778e-05,1.3995709066666667e-09,0.0033605913199999996,0.01215114726,0.007226104871111112,0.002608265442222222,0.01324886508888889,2.2758957377777778e-05,2.6809776062088886e-06,0.006216901197777777,-1.732239282e-06,0.004904224866666667,0.00040887602420000004,0.0011690990866666667,0.011368843617777779,6.297034118577777e-07,0.015726287111111112,1.1398932953333334e-05,5.342447106666667e-05,0.0081560294,1.8160117454915557e-06,0.014001721766666668,0.025783099733333332,0.008587441822222222,0.007663980435555556,2.1156668644444445e-05,0.00800713166,0.05036902762222222,0.028593405111111112,0.01114132001111111,0.016064281622222225,0.016000932,0.004254745797777778,0.008489590933333334,0.0038156899777777777,0.014414627022222222,6.144141933333334e-11,0.007155607791111111,-9.66919806e-08,-1.617758403907422e-05,0.0027458364499325333,-8.617838020444443e-08,-6.452849511684444e-06,-1.6524311582666667e-05,8.345685128888889e-07,0.010599611133333334,0.0003326152771111111,0.0009593324666666667,0.002430967488888889,0.0026007834377777777,0.003641298113333333,-2.4522002788666667e-05,-1.6131218719266667e-07,-2.1469546450866667e-05,0.0026228948253689205,0.00011341041051228889,0.00872196952,0.0002267474902222222,0.00014962669755555556
Ignore,0.01069545961346154,0.0010798899371436013,0.0063705234303846146,0.002135779105936311,1.4740923636753825e-06,0.006414290277807692,0.026486374803846153,0.037435494280769234,0.024162526684615382,0.001268429531923077,6.109900595552307e-06,-3.198090651851923e-05,5.227539387731922e-06,0.01715684964807692,2.5195342658076926e-05,-1.1549295673692308e-07,-1.2406183338461537e-06,0.0026298102544692306,0.01646250747346154,0.0026983619,0.02652288603767357,0.009998115420384616,0.013759877287003845,0.007422492995,0.009209677839615385,-6.6439441249230775e-06,0.0029239134306703845,-5.763807715311538e-06,0.005069325731584615,-1.2420547173757692e-05,0.015691439533846153,0.006267963385384615,0.012750880884615384,0.016802898775000002,2.042533668076923e-07,0.0018149883895287192,0.0005225780901673078,2.4293119900000003e-06,0.011954183038461538,8.263719245238464e-08,5.820766e-11,8.107009535596539e-06,-5.369173064896154e-07,0.0009431358758461539,0.012259490192307694,4.6262978936922974e-07,0.007209527155,0.01744417251730769,-7.2475523e-06,-7.183452150653846e-06,2.3341004297803847e-07,0.010175258,0.007743630466923078,1.3198452814230768e-07,1.0811107553846155e-05,0.013604894567307691,4.929741123076924e-10,0.0003601693497307692,-6.655231e-06,0.010600287534615385,2.1942332184615387e-05,0.010039158055690769,-1.0593794446153846e-09,0.008234233,2.2570244923076923e-08,-1.0989606e-06,0.01057016165,0.019985178823076922,2.6452776211253842e-05,-1.2983984958508962e-05,0.008538064410384615,0.016808208357384617,0.020670859509977692,2.7825840603846157e-06,0.006501574123453846,0.012490308253747076,-1.0477379e-07,-7.39873423076923e-06,4.069657566538461e-06,0.0018171715003846153,-7.063100464230769e-06,0.022439599,0.002622121753889885,5.156124136153845e-08,0.019335572674725767,-1.174541026e-07,-9.16546788076923e-07,0.0013946410803846153,7.989297944080691e-05,0.002986223559576923,-1.5731230862769232e-05,1.4106384534615384e-06,0.010186333690384616,0.0045188665,-1.4107674e-05,9.571846822692308e-08,-1.6105433346153848e-07,1.0464687592692307e-05,1.4405411373076922e-07,0.015411957261923077,0.011753006326153847,0.0001371804038307692,9.492340719230768e-06,0.0008352365499839485,0.006723439240961539,8.857227906851153e-07,1.6824432204000001e-06,0.0018156595713846153,3.0347735238851297e-05,1.883388942259619e-05,1.418028205e-09,0.0032785291465384616,0.007000495659615385,0.00722515231,0.002573260658384077,0.00702665274076923,2.2886794203846156e-05,1.5023634636620616e-05,0.005723255975769231,-1.9352932264795385e-06,0.004877784556473076,0.001221642604423077,0.0011695758184615385,0.011669368,7.598195338461539e-07,0.0157276206,0.0005733781623473076,5.346841835e-05,0.0064822086169230774,2.711375200882846e-06,0.013971588625,0.023243277280769234,0.011558631721153845,0.0076640946257692305,2.1031799723076924e-05,0.009651475434615383,0.037598397961538466,0.028952040896153847,0.011215300792307691,0.016097378392307692,0.01600099363846154,0.004272501781538461,0.008489762053846155,0.0037985045851845,0.01865333716730769,5.318165314615385e-10,0.007186642051153847,3.284103080788462e-07,-1.430200395677692e-05,0.0030597833957435447,3.418043591423077e-08,-1.3202338011122691e-06,7.172729291368078e-06,8.065253701538462e-07,0.010581341167307691,0.00033264513015384615,0.000929765811796,0.0025309843896153847,0.0026155935561538463,0.0036265771466023845,1.395774815384605e-07,4.034578926786654e-06,3.753955549187896e-05,0.00037065106939667975,0.0003211442462868266,0.007559511511538461,0.00022668150434615382,0.00014954733561538461
Immune Cells,0.012444284256410258,0.00034618871280358974,0.005052147425641026,0.0015716981239384616,-5.144764421025641e-05,0.006135560748717949,0.026414779794871793,0.028829576128205126,0.025868494717948717,0.0008428639261538462,-4.841922374358975e-06,-3.9584935e-05,-1.8864655187846154e-05,0.017190695,2.552569e-05,-1.2572855e-07,-1.2479722e-06,0.0027137399,0.016720232025641026,0.0026983619,0.026629180000000002,0.009913819205128205,0.013833165,0.007415958769230769,0.005743528076923077,-6.917864000000001e-06,0.002957806,-7.940313294871794e-06,0.005102083,-1.6507167643948717e-05,0.01308177453846154,0.006203592,0.012568708512820511,0.02216603971794872,1.9956570820512822e-07,0.0018573552000000003,0.00043249815147179487,2.3581088e-06,0.011712041353846153,-2.3283064e-10,5.820766e-11,-1.9635145684615388e-06,-4.705328153846154e-07,0.0009431338512820513,0.011811700897435898,-2.950217428041026e-05,0.006172498061538461,0.017311626115384615,-7.2475523e-06,-9.68948e-06,9.115021307692309e-07,0.010175258,0.00392664096923077,6.215981066666667e-08,1.063923785897436e-05,0.01304571394871795,2.373081530769231e-10,0.00035864115,-6.655231000000001e-06,0.010499868687179488,1.1878231307692308e-05,0.010387841697435897,6.81596777025641e-08,0.008234233,1.071021e-08,-1.0989606e-06,0.01054403,0.01788342,-2.8344492538461542e-05,-2.0962400175025643e-06,0.008431870025641025,0.01749599,0.020191858358974357,2.800701866666667e-06,0.006526351,0.01246971637025641,-1.0477378999999999e-07,-3.4190998350769224e-06,3.488017958974359e-06,0.001883296628205128,-7.087365000000001e-06,0.022439599,0.0025002211,3.1199306e-08,0.019186967946358973,-1.2014061e-07,-8.240891416666667e-07,0.0014048517,-3.7871397153846155e-06,0.0030461699,-1.9367784e-05,1.1976808e-06,0.010119796,0.0045188665,-1.4107674e-05,5.9138983e-08,-1.648441e-07,-3.344728051282052e-05,1.4342368e-07,0.015526831,0.011795849,0.00012107366483923077,9.541805871794872e-06,1.2421352379684614e-05,0.006621225336153847,5.699694317948718e-07,-2.5145709999999996e-08,0.0018799828325641026,-5.026787311282052e-05,-0.00013135258557538462,1.3969839e-09,0.003228944041025641,0.006594279674358974,0.007225366005128205,0.0026269326465461536,0.005453177753846154,2.220368587179487e-05,-1.093020409974358e-07,0.005599468648717949,-8.896757487179486e-07,0.004907623,0.0001589820158974359,0.0011693678692307693,0.011669368,7.627532e-07,0.015725938435897435,0.0002845230515435898,5.3420663e-05,0.004420607548717949,1.3231197665692307e-07,0.013903444179487178,0.02086908543589744,0.011020197343589744,0.007663881158974359,2.013251941025641e-05,0.006733396230769231,0.02149873907692308,0.028781634974358976,0.011206671025641025,0.016039662,0.016001136153846154,0.0042364252666666664,0.008490148307692309,0.0035989503807692304,0.01326519841025641,9.402775923076923e-11,0.0071530044,-1.0058283999999998e-07,-1.9317919958391026e-05,0.0008009399908713,1.0445140564102563e-07,-7.417347014828204e-06,3.891288434551282e-05,8.028717205128204e-07,0.010568078128205129,0.0003326481771794872,0.000997752,0.0019858570846153847,0.0026159852102564103,0.0037043244,-3.164591138025641e-05,2.6296206179584613e-06,-2.4240583082051285e-05,0.00021941999542141025,-2.970188497384614e-05,0.010548936028205128,0.00022665792974358974,0.00014965236
Inconclusive,0.011090285865671642,9.644531156004059e-05,0.007056048569154229,0.0013088199635961338,-3.939789072352905e-05,0.006280982511442786,0.026452716348258708,0.03926403012437811,0.024037967587064675,0.0009255442569154228,2.7459501986940296e-06,-1.9592358383084573e-05,-1.6103637375179302e-05,0.017112921450248755,2.4693217123442786e-05,-1.257146496517413e-07,-1.2477775960199004e-06,0.002648551753493532,0.016918711855721393,0.0026984100875621893,0.02658807329850746,0.00994337733084577,0.013687114925074627,0.0074323411731343275,0.009049959929353233,-6.232838035915423e-06,0.00295767759800995,-8.71941285522388e-06,0.005015469126293533,-1.434616089627184e-05,0.012898997861691543,0.006262247049751244,0.012777097594527363,0.021625909191542288,3.602457636318408e-07,0.0018247676080945273,0.0005229841683875622,2.3761421611940298e-06,0.011953482524875622,2.2181173057213934e-09,5.820766e-11,-1.1849733281533334e-06,-6.253066488308458e-07,0.0009431380880597015,0.01529708368159204,-1.4514150313980101e-05,0.007036477916417911,0.017360034037313433,-7.2475523e-06,-9.481965643169253e-06,-1.2700824177910447e-07,0.010242667437810944,0.014520096378606967,1.553895492238806e-07,1.0920484549751243e-05,0.013989931985074628,3.388207113432836e-10,0.0003591608361691542,-6.655231e-06,0.011499115344278608,1.4760360014925375e-05,0.010336315810002487,-1.5087657539800993e-09,0.008226457092039802,1.0786661820895524e-08,-9.871752506467663e-07,0.01055316123631841,0.018816335721393036,-2.6307449006355223e-05,-1.5324821508101492e-05,0.00848016580986599,0.017342265870646766,0.02058191196560199,2.7799005537313435e-06,0.006492749104975124,0.012471732142238805,-1.0476915656716418e-07,-7.701608764228856e-06,3.828291799999999e-06,0.0018121146437810945,-7.081332246766169e-06,0.022439599,0.0025320668169154232,3.144487864179104e-08,0.018901541054122388,-1.1765940012935325e-07,-8.483368425839303e-07,0.0013962363073134326,-3.45985181790398e-06,0.003014299761641791,-1.9032822960696517e-05,1.2518179875621888e-06,0.01013890768159204,0.004508448290547263,-1.4051303508457712e-05,7.265706094527363e-08,-1.6476069791044778e-07,1.0849018465422883e-05,1.4350939850746269e-07,0.015502303109452735,0.01169857588557214,0.00013647342794973632,9.49376345522388e-06,0.0004017762882997033,0.006648159402950249,7.133392731960198e-08,3.2834287185334825e-06,0.0018555347295522388,7.932785632896254e-05,0.0005782753863813002,1.4050924283582088e-09,0.003306073985074627,0.008653633654228856,0.007225239173631841,0.002605191452616915,0.013857997906965173,2.2742193233830846e-05,2.3587154830489602e-05,0.005584303409452736,-1.9031970584328357e-06,0.004906353506965174,0.0007901416757064677,0.0011696725850746268,0.011655657880597014,7.544384812870646e-07,0.01572718294029851,0.0006714217934626865,5.342436973631841e-05,0.010700741282587065,2.3897126153869156e-06,0.014042627781094528,0.02649298845771144,0.009902077966666666,0.0076635496,2.157226647761194e-05,0.010436524551243782,0.051802521149253725,0.02880116871641791,0.011175654681592038,0.016125436542288558,0.01600104749253731,0.004288220686069651,0.00848990519154229,0.003654306236293532,0.0178978957960199,2.2819719796019899e-10,0.007179846508457712,1.0361687247223882e-07,6.229977444339901e-06,0.00325751533957715,-5.103479602174129e-08,2.995680353137612e-06,-1.315211983980993e-06,8.460996215422886e-07,0.010600617649253732,0.00033264422094527363,0.0009316749840689552,0.002492317132835821,0.002616450493034826,0.0034457025651139306,1.830069726762587e-05,1.9447192546790544e-06,-1.5617845383944725e-05,4.778875487287283e-05,0.0008186181687661594,0.010306182180597015,0.0002265880183084577,0.00014955427965174128
Inner Fibroblast Cells,0.014267592906770833,-3.100725426730288e-05,0.0061303071582291665,0.00019385294894836157,-3.769591179515833e-05,0.00664923766625,0.02643912284375,0.04335659622916667,0.024137015376041668,0.0008242514284270833,-3.2009489074624997e-06,-3.8348117116979166e-05,-1.701284295625e-05,0.01714649202916667,2.5480838827083335e-05,-1.2535383800729168e-07,-1.2469428969791667e-06,0.0027031754052083334,0.016957914907291666,0.0027433897000000004,0.026760379546875,0.009937960443750001,0.013805594305208333,0.007426860343645833,0.015203485159270834,-6.480267094332292e-06,0.0029535940626041666,-9.350539048314061e-06,0.0050979801107291665,2.09442854914338e-05,0.01788649667072917,0.0062616381046875,0.01323822723125,0.04730568611041666,5.495783010208333e-07,0.0018439095392708334,0.0005276984964270833,2.3814558678125003e-06,0.011951702782291665,-1.6289049794791666e-10,5.820766e-11,-7.626707762280205e-08,-6.357062303437501e-07,0.0009431403640625,0.01653517012760417,-8.801554387772333e-06,0.008281995064583334,0.017429735626041668,-7.206213218854167e-06,-9.4072504825e-06,-1.1727224730047917e-07,0.010220522309375,0.027729863981666665,3.582244965666667e-07,1.1160946451041666e-05,0.014527897716145833,2.207040451875e-10,0.00035925160713541664,-6.655231e-06,0.014642689692812499,1.9173339613020836e-05,0.010373459033541668,-1.5084272955624998e-09,0.008197628253333334,1.1014829967395834e-08,-1.0982960633333332e-06,0.010546034516145834,0.018638575760416668,-2.3317197903460415e-05,-9.555199028604511e-06,0.008532931291458332,0.017226121603125,0.021026319391666666,2.7718701358333333e-06,0.006524085121666666,0.012630219821875,-1.0443424530937501e-07,-8.0428161046875e-06,3.8479183175e-06,0.0018352769779166667,-7.065374125416667e-06,0.022439599,0.0027233830766666667,3.289799958229166e-08,0.019644667800833335,-1.1936693367708334e-07,-9.215968055979167e-07,0.0013999766259375,0.00015475410276101625,0.0030137363180208336,-1.8631335216706564e-05,1.5183972783333333e-06,0.010237961975,0.004502086815520833,-1.402070424540104e-05,7.210862044375e-08,-1.6466171566666667e-07,-3.493282680832188e-05,1.4347024605208333e-07,0.015502534461979167,0.011699816563541666,0.00013873109787916667,9.522474583854166e-06,0.001959303911319547,0.0066855191878125,3.021875639494031e-06,6.806147392104191e-05,0.0018871428401041669,-4.603755609102e-05,0.0016647524593709012,1.3980752934375e-09,0.0032884072966666666,0.009258868234270834,0.007224806611979166,0.002573164132395833,0.026170227114270837,2.2707926133333334e-05,5.268914464080589e-05,0.006101201257916666,-2.002789787400521e-06,0.004885553546979167,0.0015677088488645833,0.0011697151855208333,0.0116562667640625,7.627085741145833e-07,0.015726625689583332,0.002759144431110208,5.345420605625e-05,0.024068375883645833,1.957326342823354e-06,0.013919955336458335,0.03261972228802083,0.012467603401354166,0.0076638775890625005,2.2681849088541666e-05,0.014927500740937499,0.05327713047604166,0.029027740423958334,0.011215968240104167,0.016244874170833333,0.016001083691666664,0.0043390432209375,0.008489988723958335,0.0038204820284895836,0.020709708236979166,4.6402419668750003e-10,0.007177925855729167,-7.151005207320833e-08,-2.3502452743080218e-07,0.004791719688590921,-2.2087502835145835e-08,7.914895716857032e-06,2.796032996888208e-06,7.680423392916666e-07,0.010582090545833334,0.00033266020587499997,0.00096504650165625,0.002454270530833333,0.0026169191261458335,0.003699161655625,3.7664933003073364e-05,1.8659411599520001e-06,4.298846875660403e-05,0.0009249954623263731,0.0014212087564825088,0.020060565786041665,0.00022675726196874998,0.00014963691615625001
Luminal Epithelial Cells,0.016318257436813186,0.0009522574610823206,0.012727553821153847,0.0060392932312746265,-3.239375888246154e-05,0.005668968366758243,0.026533706835164834,0.04437723171428571,0.024843520934065937,0.0023110993314285713,-2.333586784346154e-06,-3.6673151073236263e-05,7.46987479746805e-06,0.016659881161263736,2.3458401717335166e-05,-1.2484232231016483e-07,-1.1855544052563185e-06,0.0025281937273406592,0.016802064038461538,0.0028748452837912084,0.023399216745879123,0.009927435065934066,0.013435530845604395,0.007567856347252748,0.02465415450054945,-8.728417918976927e-07,0.0029430748520054948,-5.240948189453187e-06,0.005032525657967034,0.001109685658589607,0.04341371882582418,0.006294681555494505,0.016115099293956044,0.05056647436950549,1.0360068137912088e-06,0.0017780533525596153,0.0004990718367087912,2.38388390989011e-06,0.01192371824532967,2.529794458791209e-10,5.820765999999999e-11,-6.259177040900001e-07,-3.145302899555769e-07,0.0009431403052197803,0.014752610646978023,1.0048824443989368e-05,0.00842296644478022,0.017316224520604395,-7.247045701098901e-06,-9.420419889274725e-06,-2.0394380872346154e-07,0.01017603760989011,0.031918844475824174,3.9347099506043956e-07,1.0939299597527474e-05,0.014947135890109889,3.5244418868131867e-10,0.000531785785467033,-6.655231e-06,0.01397938190467033,1.4028261208791208e-05,0.00972943569423077,-3.1606442195054936e-10,0.008093206923324176,1.4146380921703297e-08,-9.558007107771153e-07,0.010550323828296704,0.01885323420879121,-1.1723711679703956e-05,1.900946304114316e-05,0.008144460454395604,0.01707257702142857,0.019925294418406594,2.780258834065934e-06,0.006314635686346153,0.011889074059862637,-8.147793357142856e-08,-5.475659163950548e-06,4.6274194947802196e-06,0.0019739499425824175,-7.080226553846154e-06,0.022439599,0.0025704793870054946,3.2172845115384615e-08,0.019561840297252744,-5.878597728222528e-08,-7.902160931411263e-07,0.001397553241153846,-1.9011834998653838e-07,0.002584162782010989,-1.909517770879121e-05,1.30121625e-06,0.010157349917582418,0.004472185011978021,-1.3885323304835164e-05,8.026132777197802e-08,-1.6457928708791208e-07,-2.3486846377952087e-05,1.4616263802197804e-07,0.01533678210003827,0.011727026947032967,0.00013502822727747254,9.77629782967033e-06,0.0013153362948219423,0.006551915376675824,2.41745531720522e-07,3.4603743778331315e-06,0.0018492349784890111,4.369535385175909e-05,0.007195091980981758,1.4040199895604396e-09,0.0033373310582417584,0.011398073087912089,0.0072253829771978025,0.002545786352307692,0.016135083348351648,2.3165840667582418e-05,2.9971868230503543e-05,0.0077769135532967035,-9.430125583321704e-07,0.004900611674450549,0.001850943094142857,0.0011693449706043956,0.011652981303296702,5.313958096740659e-07,0.015726941565934065,0.00025051212560906594,5.3444682928571426e-05,0.010637093650549451,1.3266158394449396e-05,0.014179214035714285,0.03403238316620879,0.011085648582417581,0.0076641347857142866,2.25400429010989e-05,0.01329568048021978,0.08903869972252747,0.02892544818681319,0.011100236998351647,0.016339552472527472,0.016001032846153847,0.004389415308241758,0.00848986318956044,0.003628841286881868,0.033287440057692304,1.0821187878296704e-09,0.007178680742582418,-6.759692583112637e-08,-5.17009033189066e-07,0.004275251919895998,-6.386139822815933e-08,-5.5274858331035445e-06,9.10714756441151e-06,8.897559170604395e-07,0.010694576005494505,0.0003326078785989011,0.0009111410370164835,0.0025582110818681315,0.0025877927217032967,0.0033767858690384616,-4.11199197598673e-06,7.65659725903599e-07,1.3259224525848076e-06,0.020276186951121447,0.0006034183988094846,0.01602150665247253,0.00022660128076923078,0.00014955143005494507
Lymphatic Endothelial Cells,0.011874058884259258,0.0006463153743719742,0.005540815647222221,0.00021608679470027498,-4.47054152212963e-05,0.006647297349074073,0.026464822212962962,0.033485639703703704,0.023874689879629627,0.001018925118888889,-3.041699617907407e-06,-3.8945288759259255e-05,-1.8919283478703703e-05,0.017189555611111112,2.517389137962963e-05,-1.2570267990740742e-07,-1.2461785425925924e-06,0.002710843828703704,0.016870772796296295,0.0026983618999999997,0.026710893435185182,0.009918485125,0.013782648694444444,0.007424280902777778,0.008016333557407407,-6.685054935842592e-06,0.002957555439814815,-9.119213335740741e-06,0.00510243073425926,-3.06907748955324e-06,0.015567602674074074,0.0063437833935185185,0.012959800439814815,0.020450660175925926,2.964494618518518e-07,0.001819155255277778,0.0005094099879953704,2.3606958037037038e-06,0.011954045097222222,1.3447047124074074e-09,5.820766e-11,-3.572279445624075e-07,-6.16118382752963e-07,0.0009431383722222222,0.013824120643518518,6.994335742884906e-06,0.007462762297222223,0.016812885342592593,-7.247190118518519e-06,-9.474159102685185e-06,-7.87123539268518e-09,0.010178612138888888,0.01098800299351852,1.238270964351852e-07,1.1138617925925925e-05,0.01415799149537037,2.010320114814815e-10,0.0003609762159259259,-6.655231e-06,0.011315624735185185,1.3858804208333335e-05,0.010285620732777778,-1.5133991999999997e-09,0.00819669500925926,1.0852495356481481e-08,-1.0980810175925925e-06,0.01053986212037037,0.018663419925925927,-2.6154746053240742e-05,-9.689869735882779e-06,0.008501660828703702,0.017311003055555555,0.020640911842314816,2.7771521527777778e-06,0.006523144210185185,0.012486452509444444,-1.0380366231481482e-07,-7.956943813888888e-06,2.530336598514167e-06,0.0018257184092592593,-6.926125436111111e-06,0.022439599,0.0025259634157407404,3.391135188888889e-08,0.01904577604074074,-1.1658778722222222e-07,-8.911506681148147e-07,0.0014011070916666668,-3.439132852777778e-06,0.003035817866666667,-1.9345190814814814e-05,1.2413494898148147e-06,0.010135917907407407,0.0045188665,-1.4107673999999998e-05,6.33256230925926e-08,7.021295985740731e-09,-3.440541470814815e-05,1.4349697833333333e-07,0.015441726902777777,0.011725410060185185,0.00013871656416666666,9.501059814814815e-06,0.00024098682280610572,0.006359222930833333,-8.653323246111112e-08,1.8947132240925922e-08,0.0018913033851851852,-5.022538134537037e-05,-8.229972049921296e-05,1.401295577777778e-09,0.003335751862037037,0.009956747311111111,0.007225059812962963,0.002596909444685185,0.020767476137037038,2.3270922777777776e-05,5.294758313478129e-05,0.00567349877962963,-1.732602761611111e-06,0.004905018881481481,0.002967078175944444,0.00116921755,0.011660729444444443,7.517153025925926e-07,0.015727296138888888,0.0003297891353712963,5.343439137962962e-05,0.023983609650925924,4.459623108748148e-07,0.013956714435185187,0.020914518476851853,0.010094022857407407,0.007663810944444445,2.0654423648148147e-05,0.010152277858333334,0.03709390967592593,0.028810357638888888,0.011206817453703702,0.01612307738888889,0.016001111898148148,0.004285386297222222,0.008490072680555556,0.003787627336111111,0.01744802620833333,1.630353450925926e-10,0.007155463373148148,-9.686617256481482e-08,-2.3391457969773145e-06,0.0013443437147228829,1.0153463885814816e-07,-7.560541062980277e-06,2.7792778794157434e-06,7.931160406481482e-07,0.010571910453703703,0.00033263041425925927,0.0009696691508333333,0.002208779112037037,0.0026167656027777774,0.003634546325,-2.0623306326854072e-05,3.5807035901546297e-07,-1.006335726592315e-05,1.0524811214887408e-05,0.000892541782640926,0.009232856984583334,0.00022676476462962965,0.00014963766638888888
Macrophage Cells,0.013658018964285713,0.00020718668453528766,0.008402633538461537,0.0028572785954763666,-4.474030703120467e-05,0.006334743450274726,0.02646026109340659,0.03896654123626373,0.023895073719780217,0.000904391671978022,-3.7443626414266213e-06,-3.283051021271978e-05,-1.5203478535709617e-05,0.017165811859890107,2.5237506859890108e-05,-1.2539849336538464e-07,-1.2395084232967033e-06,0.0026699222739835164,0.014902820025428571,0.002699057464835165,0.026527777944230765,0.009918507221153847,0.013779098612637363,0.007431832018406593,0.006731192923076923,-6.351559770154945e-06,0.0029538503557692305,-7.369848512617307e-06,0.005086024518956044,0.00018754746731807387,0.02334190142857143,0.006258036476098901,0.013989215958791209,0.02297303682554945,3.520488875e-07,0.0018374230799725274,0.0005221662196318682,2.3624481447802196e-06,0.011787539701923077,8.297869989285714e-09,5.820765999999999e-11,7.972373807221978e-07,-4.948008531988187e-07,0.0009431387497252748,0.01330730718956044,-1.980175234362901e-05,0.00731683711978022,0.017225950994505496,-7.2475523e-06,-9.652718343956044e-06,-2.5107650802032962e-08,0.010208312456043957,0.01056221420467033,1.0275762978571429e-07,1.078020203846154e-05,0.013615621251373625,2.312315301098901e-10,0.00035865252953296706,-6.655231e-06,0.00996290891978022,1.2994984402472528e-05,0.009845252355557691,-1.2501054817307692e-09,0.008220322589835165,1.4061308094780219e-08,-1.0684035013461539e-06,0.010534716210164835,0.01903804998076923,-2.362300561263187e-05,-7.606060303923545e-06,0.008243713750501922,0.017231708170604397,0.020822338283241756,2.7785957604395604e-06,0.006455886781318681,0.01219806129105687,-1.0439639967115386e-07,-7.397156551384615e-06,3.670265510164835e-06,0.0019134513126373627,-7.063861895879122e-06,0.022439599,0.002586796641170879,3.140527157142857e-08,0.019394942951923077,-9.704640175563188e-08,7.934514970912638e-07,0.0013958248891208793,-3.624711972567308e-06,0.00300035655989011,-1.7949469457163902e-05,1.3379292950549451e-06,0.010173589776098902,0.004518180350274725,-1.4103385824175824e-05,6.464248560164835e-08,-1.6220236758241757e-07,-3.082533825567418e-05,1.4396481914835166e-07,0.015354886168493682,0.011586835473351648,0.00013856718615384617,9.523085528846153e-06,0.00035960493994649696,0.006673856240741758,-8.73537067931868e-08,-2.420663170129121e-08,0.0018811983964285713,-4.399529995943618e-05,0.0009798635626091577,1.399542478021978e-09,0.0032756044656593406,0.00996368043434066,0.007225148975,0.0025883704182142857,0.02549315889587912,2.2566314560439562e-05,0.00017153015007699733,0.006235200899450549,-1.659744753890934e-06,0.004903256465934066,0.0009280678160164835,0.0011694801016483517,0.01155597393021978,7.624896662637363e-07,0.01572703948901099,0.0005492299143478022,5.355344289285714e-05,0.01975714911153846,3.2304584179500276e-06,0.013999268976648351,0.02758752989835165,0.009128377492307693,0.00766386457087912,2.174476507142857e-05,0.012535130572802198,0.045968762192307694,0.028970607612637363,0.011202991114010989,0.016286186744505493,0.016001103725274725,0.004371296553846154,0.008490053050824177,0.0029987666314252475,0.021958402013736264,4.566263075274725e-10,0.007156989151373626,-9.550470083736264e-08,-1.5187195609478021e-05,0.002452259551008184,-8.461170927802198e-08,-5.325511255698846e-06,2.6721322594912172e-05,8.07899320467033e-07,0.010626719247252748,0.00033253322851648355,0.000829508860868163,0.002311124368956044,0.0026162094434065935,0.003665736539120879,-8.689208099501208e-06,4.3093457169989006e-07,-1.7754741004315054e-05,0.001159760605474989,5.6970834869868325e-05,0.00983007392511099,0.000226721247032967,0.0001495136449725275
Mesothelial Cells,0.010159055316666667,0.00037845534805,0.008199363966666666,0.0013305614239901278,-4.21557577e-05,0.006708476926666667,0.02645732363333333,0.04587849843333334,0.0240542977,0.001437105733,-3.28589233e-06,-3.73144324e-05,-8.920851828966667e-06,0.0171395522,2.394877386666667e-05,-1.2010956966666668e-07,-1.236579033333333e-06,0.00270684513,0.016838229966666667,0.0026983619,0.026731571633333333,0.009917055566666666,0.0137891838,0.007422630006666667,0.07481367937666666,-6.442517016666666e-06,0.0028937250466666664,-9.9256015e-06,0.00491230237,6.453783631762001e-05,0.0367357987,0.006357539726666667,0.0154213398,0.021727484583333335,1.328034947e-06,0.00184580731,0.0005283301023333334,2.36965718e-06,0.011953050816666666,-1.3678800099999998e-10,5.820766e-11,-8.810777235666667e-07,-6.171253766666666e-07,0.00094314367,0.014171871433333334,-7.65159138333333e-07,0.008691813583333334,0.017359708766666666,-7.2475523e-06,-8.907013858666665e-06,-1.8447171715e-07,0.010947753016666667,0.0388150017,3.866851335666667e-07,1.27090762e-05,0.01980999221666667,3.8999132633333333e-10,0.00035853708799999995,-6.655231e-06,0.026572285163333334,1.9084476066666668e-05,0.00988427704,-1.5133992e-09,0.008210819163333334,1.57471129e-08,-1.0975325733333333e-06,0.0105502436,0.019469940733333337,-2.5804992843333337e-05,-7.533673968758333e-06,0.00857078745,0.017441828133333333,0.020950308266666665,2.77558961e-06,0.006526351,0.012410473853333333,-1.0477379e-07,1.1837226343986667e-05,4.260924959999999e-06,0.0018503353,-7.075754483333334e-06,0.022439599,0.0025336965733333333,3.2441069533333334e-08,0.01966112943333333,-1.1753290713333334e-07,-7.804842153049999e-07,0.0013985062799999998,0.0012021518781103334,0.002999626106666667,-1.92272164e-05,1.2395592866666667e-06,0.010136224933333333,0.0045188665,-1.4107674e-05,6.617046876666667e-08,-1.647820116666667e-07,5.72754683e-05,1.4343920199999998e-07,0.015516847233333332,0.011772824666666666,0.00013863245533333332,9.551954816666666e-06,2.7791771582093335e-05,0.00680054526,-7.030127218400001e-08,-1.997298905e-08,0.0018488268066666667,-4.340074953333333e-05,4.898811917330999e-06,1.3969839e-09,0.0035624002366666666,0.01099126643,0.007225143953333333,0.0025258357066666667,0.019844292033333332,2.2670999100000003e-05,5.091362050560001e-06,0.0064945345666666664,-2.0131468766666666e-06,0.004667512133333333,0.0015467155403333334,0.0011698588733333334,0.011272737543333333,7.627532e-07,0.015726444266666667,0.00013835268763333334,5.3431714633333335e-05,0.019473282106666667,1.7231960915609999e-06,0.014179181,0.026234264083333333,0.015731265126666668,0.007663956269999999,2.29417035e-05,0.020747123283333332,0.06780009073333333,0.029087942,0.011226491133333332,0.0162605674,0.0160012016,0.004351628303333333,0.008490306100000001,0.00383264468,0.04500279296666666,5.355104816666667e-10,0.007154844193333333,-9.743186456666666e-08,-1.2698924796333333e-05,0.00113482220028,-8.891026033333334e-08,-4.877964982499999e-06,-1.6728218126963333e-05,7.843288380000001e-07,0.010592045333333333,0.00033254449666666666,0.0009754499013333334,0.002574315163333333,0.00261532564,0.0036997204333333333,9.748267353323334e-05,-1.7381778113266667e-07,-6.587698645777334e-06,9.775635089166666e-06,0.0001559314221714,0.008152027406666667,0.00022672042133333335,0.000149636466
Myometrium: Perivascular/Muscle Cells,0.010902528185714286,0.0011205885920121499,0.010506086475714285,0.006930798853805978,-3.068730915906728e-05,0.0065507167221428575,0.02647453365,0.042287727500000004,0.026315153985714285,0.0018807536812857145,-3.1144853430667143e-06,-3.57743221e-05,-1.1434359496785714e-05,0.017187281785714287,2.5488117392857144e-05,-1.254524791857143e-07,-1.2196932649e-06,0.0026469716692857147,0.016917594785714286,0.0026996851221428573,0.026705527857142856,0.009988899128571429,0.013755453975,0.007438807203571429,0.007909007572857143,-6.267701095642858e-06,0.002955048007857143,-9.026539067252286e-06,0.0050700157162142856,3.483281643967357e-05,0.025453928115,0.006310488321428572,0.014543244050000001,0.01959638554642857,3.870510097142857e-07,0.0018398638024285715,0.0005363939552857143,2.428756237857143e-06,0.011954132085714284,1.16623208e-10,5.820765999999999e-11,-1.5437652939137143e-06,-6.120868102357144e-07,0.0009431393064285714,0.012424056428571428,-4.932600392845357e-06,0.007922515282142856,0.017351211057142858,-7.2475523e-06,-9.508563947857144e-06,-4.839051917857142e-08,0.010176768546428572,0.02361588263642857,1.8216004352857144e-07,1.1139256592857142e-05,0.014847705660714285,4.760555122142857e-10,0.000359169873,-6.655231e-06,0.016533015619285715,1.0943905017857144e-05,0.010185608103571428,-1.5009261297142856e-09,0.008147388978571429,1.091809442857143e-08,-1.0987543785714286e-06,0.01055675925,0.020227782185714287,-2.3480059185714285e-05,-7.445755954930715e-06,0.00842168681,0.01739564469285714,0.020978142499999998,2.7728399871428575e-06,0.006521037459999999,0.012545207132142857,-1.0466735314285714e-07,-6.835703025571429e-06,4.140842279452857e-06,0.0020380749235714285,-6.8914745592142855e-06,0.022439599,0.0027285409239285715,3.193438564285714e-08,0.019524874385714285,-1.1811373636442857e-07,-6.957195821928572e-07,0.001386355893357143,-2.5729547283819287e-06,0.00298901553,-1.9361451007142856e-05,1.5648015207142856e-06,0.010240828875,0.004450444280828571,-1.1936974e-05,9.73331891e-08,-1.616343630714286e-07,-3.570435656062643e-05,1.4490049142857142e-07,0.015381573753571428,0.011682571812857144,0.0001355879665457143,9.493423414285714e-06,3.067495864701929e-05,0.006494583196428571,1.2118169414285714e-07,1.0487863748709787e-05,0.0018160960464285714,-5.0429567333885716e-05,0.00010283971551351948,1.4044677414285716e-09,0.003320637437857143,0.014223877892142857,0.007226478434285715,0.002562916569714286,0.014183528012857143,2.2490216300000002e-05,2.3889933744946998e-05,0.006136970253571429,-1.9716073879640714e-06,0.004887842342857143,0.001879798164,0.0011698618514285714,0.011497270109340785,7.627332429285714e-07,0.015726410092857145,8.722751280928571e-05,5.343237102857143e-05,0.011389146634285714,5.5767248495755e-06,0.013958136057142858,0.036667304025,0.013829472875,0.0076639087828571425,2.309866245e-05,0.013348986845714285,0.058607370049999996,0.028645728142857145,0.011198946489285714,0.016038956671428573,0.01600092857142857,0.004243855579285714,0.0084895839,0.0038132423407142855,0.019321795610714287,7.400688257142858e-11,0.007156822503571428,-9.495000080714286e-08,-1.261045191857e-05,0.006933745201205658,7.221138815378572e-08,2.2292839299713285e-05,-5.1353359026855e-06,7.696782510000001e-07,0.01058743145,0.0003325933868571429,0.0009777851621428572,0.002526615445,0.002615272252142857,0.0036718656221428575,-1.0901159053717286e-05,5.975275000125857e-06,-9.73887399201693e-06,6.881234109008435e-05,0.000408047605217424,0.007848665747142857,0.00022672797735714286,0.00014963804464285715
Myometrium: Smooth Muscle Cells,0.011318528067307694,0.0002812148624714477,0.009927922503496504,0.004686668342204371,-3.0427294143814125e-05,0.006697546847902098,0.026462530886363637,0.04186608526923077,0.026807805125874124,0.0014888482946503496,-2.8388023933896855e-06,-2.907388265524388e-05,-9.99647459155507e-06,0.017128844957167832,2.548487436888112e-05,-1.2468651042307695e-07,-1.2269213917482518e-06,0.0026892373272727273,0.016902477438811188,0.0026991372812937065,0.02671580331293706,0.010020553094405594,0.013798881986013985,0.007429619357517482,0.008321568925699302,-6.32783827104229e-06,0.002946077769230769,-9.469167890744756e-06,0.005098754898601399,7.887406283923445e-06,0.027114007717657342,0.0063219449865384615,0.013787362999125873,0.027445195466783215,4.52096052534965e-07,0.0018352378503496505,0.0005276372566433566,2.3997447515734264e-06,0.011953935656468531,-6.049729618881119e-11,5.820766e-11,-1.321044541004563e-06,-5.934933452197552e-07,0.0009431407108391608,0.012531607642482517,-3.4514906762582523e-06,0.008053369981643358,0.017501266924825176,-7.220840275472028e-06,-9.329794025161434e-06,-2.1301490252227273e-07,0.010177756704545455,0.028059602574125878,2.9995669494755243e-07,1.1146055539335664e-05,0.015045864979895105,4.2597424683566434e-10,0.00036037671625874126,-6.629232121328672e-06,0.0162107436513986,1.2516578121503496e-05,0.010281688163671329,-1.5121780603146852e-09,0.00819018081048951,1.110341691013986e-08,-1.0976564233216782e-06,0.010544152323426573,0.01976774757167832,-2.3514288055155594e-05,-6.90517502944334e-06,0.008401312163461539,0.017330655340034962,0.02094373238111888,2.7746769571678324e-06,0.006521420537937062,0.012441764798251749,-1.0471354710489511e-07,-6.906675816688514e-06,3.981524490034965e-06,0.0020261319636363634,-7.008723566258742e-06,0.022439599,0.0025782375888111888,3.157297478671329e-08,0.0195447406993007,-1.1914741666433567e-07,-8.262683313758741e-07,0.0013950714281468532,-3.610495867491958e-06,0.0030316094017482516,-1.9272352747517483e-05,1.3120478854895106e-06,0.010161066299825175,0.004513448547552448,-1.4076442133916081e-05,6.564847230944056e-08,-1.6413095410839162e-07,-3.0409811817482517e-05,1.4353195424825176e-07,0.015444059455419582,0.01173139121451049,0.00013735216878496504,9.4912712263986e-06,2.1641980104607274e-05,0.0066267715192307695,-9.463293621169581e-08,7.571147768727272e-08,0.0018262861847902097,-5.1412326399826046e-05,0.000800104836448153,1.3994261790209792e-09,0.003316839044755245,0.014032475892832168,0.0072247680472027976,0.002581530338111888,0.02124172398006993,2.2377929582167832e-05,5.736068527383105e-05,0.005646311559965035,-2.011883071835664e-06,0.00489118508548951,0.0023316197681923076,0.0011699287202797202,0.011627698051748252,7.622859104370629e-07,0.015726600087412588,0.0002440867637751748,5.342630299125874e-05,0.009468864647202797,2.7079173643895803e-06,0.013943487226398602,0.03410675297115384,0.014254071952622377,0.0076639005263986005,2.2944251826923076e-05,0.00926938528951049,0.05216228678496503,0.028577906010489512,0.011164517238636363,0.016038642505244755,0.016000928566433564,0.004247275047202797,0.008489584473776225,0.003831509926923077,0.024012260715909093,6.222724503496503e-11,0.007157112489510489,-9.488133775944056e-08,-7.554713297065838e-06,0.004567862392922868,-4.5642793817465036e-08,3.794376428491818e-06,7.83961165305425e-06,7.699318739685315e-07,0.010591290653846154,0.0003326203865734266,0.0009868556908566434,0.0024125921980769228,0.0026161895000000003,0.0036905428790209786,5.9064536280241334e-05,1.6613127866659965e-06,-4.857856153442675e-06,0.000375178492691959,0.0002981903397870244,0.00999608655646853,0.00022673034884615386,0.0001496426043181818
Natural Killer Cells,0.010292486836244542,7.798837619998078e-05,0.00661665313231441,0.0008562742411844249,-4.161205000122808e-05,0.00647392576069869,0.02643934662882096,0.03182134641921397,0.02364053934934498,0.0011492978643668121,-3.896669481983319e-06,-3.839671779170305e-05,-1.598677070130895e-05,0.017180794903930128,2.5349852711790393e-05,-1.2572855e-07,-1.2479111965065502e-06,0.002682268837117904,0.01695974656768559,0.0027000320008733624,0.02656193055021834,0.0099086857139738,0.013762702301310043,0.007422602891703056,0.006796753192139737,-6.50117647467249e-06,0.00295780157510917,-8.404334442065502e-06,0.005097104830567686,1.3721070541405677e-05,0.019989548565938865,0.0062730151628820965,0.013164587698689957,0.01786581088209607,3.0768213672489083e-07,0.0018232432586462882,0.0005282057503056769,2.3711961113537115e-06,0.011918226155021834,2.3295773436681225e-10,5.8207660000000005e-11,-2.1201858436873364e-06,-6.114778260634062e-07,0.0009431392,0.012068754919213975,-1.808369105715205e-05,0.006955920624890829,0.01705486224235808,-7.2475523e-06,-9.667234e-06,-1.596505206046725e-07,0.010166234398689956,0.008456740011353712,6.650415904366813e-08,1.0867420106986899e-05,0.013751574899563319,2.0512481148471616e-10,0.00035844216393013097,-6.655231e-06,0.009572935030131003,9.911346301310045e-06,0.009477561573629256,-1.5113657445414848e-09,0.008230535290393014,1.117078757860262e-08,-1.096703465327511e-06,0.01053142573580786,0.018607287676855894,-2.4870733619676855e-05,-2.391773103477642e-06,0.008250971278515283,0.01738502487554585,0.020990782323144105,2.774918290829694e-06,0.00650074716069869,0.012407268758078602,-1.0477379000000001e-07,-7.78445434839738e-06,3.911790701310043e-06,0.0019604340519650655,-7.078499132314411e-06,0.022439599,0.0025113585829694323,3.126844349344978e-08,0.019607677528384278,-1.1770961430567686e-07,-8.966003103886462e-07,0.001401731110043668,-3.61341571290393e-06,0.0029760413190829693,-1.9187400247161573e-05,1.2154084681222707e-06,0.010127189825327511,0.0045188665,-1.4107674e-05,6.161776533187772e-08,-1.648278323144105e-07,-2.6276276410834936e-05,1.4347858323144107e-07,0.015515409296943231,0.011651226086462883,0.00013314656723580786,9.5007755e-06,0.00022129258340969745,0.006693664729694323,-6.784433225043668e-08,-2.464547993624454e-08,0.0019246307807860262,-4.3926343676672495e-05,-4.5401539796133933e-05,1.398000627510917e-09,0.0032707806611353713,0.010997468460262009,0.007223508266812228,0.002504875951746725,0.014766990541048035,2.267405278165939e-05,2.816045575019965e-05,0.007171288931877729,-1.3065727442161134e-06,0.004893984595633187,0.0009321822136119215,0.0011693548362445415,0.011590243426637553,7.627409991266376e-07,0.015727022401746723,0.0008083861280593886,5.344384437554585e-05,0.007318090082532751,1.0245407389394322e-06,0.01391495551746725,0.024861159668122274,0.00819987174279476,0.007663653397816593,2.081552313973799e-05,0.008443058365065502,0.03843912258078602,0.028614519248908298,0.01118764968995633,0.016096077558951965,0.016000940620087334,0.004268265499563319,0.008489616868995634,0.00383364713930131,0.017805750148471616,9.08700374672489e-11,0.007156627922707424,-9.600222708445415e-08,-1.5628194004335065e-05,0.0018277481667442388,-8.448562181192139e-08,-4.600936349511964e-06,4.480290512032141e-06,7.837587968122271e-07,0.01060035297816594,0.000332577325371179,0.0009461962514410481,0.002199759841484716,0.002589031925327511,0.0036730322192139735,-2.4567438520484716e-05,5.547685858294324e-07,-2.2743979006277426e-05,0.00031426387194336333,2.0772010146875677e-05,0.007298285224454149,0.0002267110466812227,0.00014962145205240173
Perivascular/Mural Cells,0.0105779673575,0.0007160042673359022,0.007938679807999999,0.0018232466441833986,-3.356044536928e-05,0.0063214578605,0.026443749080000002,0.057303421859999995,0.026291800365000003,0.001207038088,-3.35434644156225e-06,-3.72683073055e-05,-1.2474781829095001e-05,0.017157499975,2.538727659e-05,-1.2535136405e-07,-1.243730028e-06,0.002666666156,0.0161434204735,0.0027001401305,0.02668796479,0.009987244939999999,0.0138063383125,0.0074385763895000005,0.021838381227500002,2.915322134999995e-07,0.0029540108975,-9.0163156377e-06,0.0050918537175,-1.7931189727783498e-06,0.022762031133499998,0.006298900136,0.014113318335,0.0183059591675,4.8211310075e-07,0.0018068736535000003,0.000511691735255,2.372162441e-06,0.0119233630325,5.09317495000001e-12,5.820765999999999e-11,1.2364510816379e-06,-5.876079311537e-07,0.0009431418819999999,0.01414272709,-1.3105904063160848e-05,0.0081299020475,0.01738735255,-7.247552300000001e-06,-8.98177731225e-06,-1.929933185284e-07,0.010187027522500001,0.021212435899,2.9568327542e-07,1.11560709775e-05,0.015462547385,4.115281622e-10,0.00036116696905,-6.655231e-06,0.014943478407,1.51798408725e-05,0.010276207477,-1.5128171235e-09,0.0082110229295,1.0812655442499999e-08,-1.0980944703e-06,0.010545776557499999,0.01963338207,-2.383461005268e-05,-8.470539140617e-06,0.008525413705,0.017344215505,0.020904503919999998,2.7741957235e-06,0.006501418895,0.012434122116999999,-7.75224189851e-08,-7.82137652224515e-06,3.852322699e-06,0.0018151184170000002,-6.8302826585e-06,0.022439599,0.0025108256725,3.1439121564999997e-08,0.019437106515,-1.1761439792999999e-07,-9.109708522999999e-07,0.0013924472255,-3.518755579e-06,0.0029991515889999996,-1.9204839815e-05,1.2322654724999999e-06,0.01013230115,0.0045188665,-1.4107674e-05,6.812624623e-08,-1.6477890725000003e-07,0.001240821229874798,1.4347490260000002e-07,0.015508811935,0.011686390831,0.00013785809173,9.5052831375e-06,4.794910565353745e-05,0.006612227788,-8.161587120480001e-08,4.115874294867255e-05,0.0018864323885000001,-4.940178492066915e-05,0.000251204775653785,1.3998942825000002e-09,0.0033189082800000004,0.012132465374999998,0.007225001920000001,0.0025704870824999997,0.016773709799500002,2.2756103495000002e-05,1.205970582724885e-05,0.006119572759,-1.5449902246435e-06,0.0048798340385,0.00138145010205,0.0011696948145,0.011647196835,7.551675765500001e-07,0.01572674802,0.000472358577575,5.343018108e-05,0.021407812566,4.3859431757836e-06,0.013948140845000002,0.0340088066675,0.0084147934355,0.0076640079750000005,2.2759698325e-05,0.010956382632999999,0.058766483985000006,0.028932316335,0.011213445145,0.01617474932,0.01600093229,0.0043252739085,0.008489593315,0.003829752984,0.024680119215,4.912726571e-10,0.007158717207500001,-9.433482913849999e-08,-1.100348560766415e-05,0.003174593449338201,-7.09691069834e-08,1.04097623216795e-06,-7.183151274554999e-06,7.8584534275e-07,0.01058885153,0.0003326231247,0.0009804828691,0.002720014001,0.002616501597,0.003682412759,1.8063560518340753e-05,1.4475669081102502e-06,-1.15603638881486e-05,9.89739521531765e-06,0.00037142085753929903,0.0077173130335,0.00022674158025,0.00014964073755
T Cells,0.011452875333333333,-1.5137282196666668e-05,0.005149271146666666,6.7678666827876e-05,-4.358564813333333e-05,0.0059915870199999995,0.0265106198,0.033856078,0.021653143,0.0008193026,-3.5137249366666668e-06,-3.4953654e-05,-1.7621740666666667e-05,0.017190695,2.54886852e-05,-1.2572855e-07,-1.2479722e-06,0.0027137399,0.01696837,0.0026983619,0.024704788199999998,0.009906308066666668,0.0131989398,0.00745543044,0.005761339293333333,-5.009715987045333e-06,0.002957806,-9.258836786666668e-06,0.005103152913333334,4.2003890046666666e-06,0.012597678093333333,0.006346988766666667,0.0131939948,0.014570542133333335,2.4437904333333334e-07,0.0018573552,0.0005281344,2.3634483733333334e-06,0.011886672133333333,-2.21189108e-10,5.820766e-11,-2.025067824e-06,-6.152316853333333e-07,0.0009431392,0.011028331466666668,-1.7957141046666667e-05,0.00641723674,0.0171975236,-7.2475523e-06,-9.68948e-06,-2.2194192630000002e-07,0.010175258,0.0051083276666666665,7.255002960000001e-08,1.1104097033333333e-05,0.013819169933333335,1.7850349066666667e-10,0.0003586416466666666,-6.655231e-06,0.008150974886666667,9.7066164e-06,0.006955110722,-3.0267984666666664e-10,0.008234233,1.10206508e-08,-1.0989606e-06,0.010528804533333333,0.017931232866666667,-2.7616073933333337e-05,-1.328277088e-05,0.00817745936,0.017397485333333334,0.021058034533333332,2.7737269533333334e-06,0.006526351,0.0125082155,-1.0477379e-07,-8.1300732e-06,4.697466886666667e-06,0.00228432614,-7.087365e-06,0.022439599,0.0028639942333333335,3.1199306e-08,0.019625705400000002,-1.2014061e-07,-8.5619589e-07,0.0013958682866666667,-3.324511186666667e-06,0.00279033584,-1.9367784e-05,2.1506100933333336e-06,0.010315825733333334,0.0045188665,-1.4107674e-05,1.1101365046666668e-07,-1.648441e-07,-2.9143551617957335e-05,1.4342368e-07,0.015526831,0.011795849,0.000139255324,9.493405733333333e-06,3.4112095050466665e-05,0.0066279163,-1.0427708353333334e-07,-2.514571e-08,0.0018843620866666668,-4.511525245333333e-05,-0.00010173978762,1.3969839e-09,0.00324085848,0.01108656122,0.0072243770399999995,0.0023945072933333335,0.04102461562,2.33262778e-05,0.000150044883074,0.008512611053333334,-1.5215948179133333e-06,0.004907623,0.0005871981390666666,0.0011699636933333334,0.011477609866666665,7.627532e-07,0.015728201666666667,1.5169878799999998e-05,5.3420663e-05,0.0058956345,-5.4274763250666664e-08,0.013909568266666667,0.015621203066666667,0.007499122600000001,0.0076636890866666665,2.02149154e-05,0.007919959233333334,0.03323772146666667,0.028585112200000002,0.011048249266666666,0.016087101066666668,0.016000926,0.0042478869333333336,0.008489579,0.0037511149600000003,0.016423771866666666,1.2029582933333332e-10,0.007158376766666667,-9.251137766666667e-08,-1.8632225759333334e-05,2.6912932491233334e-05,-9.1238566e-08,-1.4637907386666666e-05,-1.6820554804399997e-05,7.86719236e-07,0.010592093,0.00033259988,0.0008069217413333333,0.0021474679466666666,0.0026162495200000003,0.0037043244,-2.4096349538978668e-05,-7.603938384666667e-07,-2.45446958e-05,2.3951445725999997e-06,-0.0002207240719,0.00526903562,0.000226725636,0.00014953364866666667
Vascular Endothelial Cells,0.010472363546242773,8.405607784385722e-05,0.007438891795375722,0.0022718063164777944,-4.3508720602739884e-05,0.006432345406936417,0.026462813271676298,0.037010707947976874,0.024072434017341042,0.0009623295641618498,-4.0210215893722544e-06,-3.792199113641618e-05,-1.6005464824589596e-05,0.017103935066473987,2.5417979289017344e-05,-1.2570163306358381e-07,-1.2477460994219653e-06,0.002677115681734104,0.016845286546242774,0.0026983619,0.02660463689017341,0.009941426216763007,0.013812771439306358,0.00742087649132948,0.007650517163583815,-6.638989446358381e-06,0.0029575510433526016,-6.233751264161849e-06,0.005099864677456647,1.0722415268986128e-05,0.015730984832369944,0.006265025808092486,0.013529210112716763,0.016795257124277457,3.8949471352601156e-07,0.0018215044810404625,0.000527638054682081,2.369090856647399e-06,0.011952549358381501,-1.5107074739884392e-10,5.820766e-11,-1.8639262259778614e-06,-6.287073311560693e-07,0.0009431398028901735,0.014085226283236996,-1.2865541082986128e-05,0.007934395982080924,0.01719484923699422,-7.247552300000001e-06,-9.597973531791907e-06,-1.536041276480925e-07,0.01018181760982659,0.012463177479768786,1.1136303127745666e-07,1.0886870182080925e-05,0.01420607717052023,2.1869930184971098e-10,0.00035821487179190747,-6.655231000000001e-06,0.01128732041965318,1.0171312976878612e-05,0.010010936169768786,-1.5133992e-09,0.008233205410404624,1.0926890517341042e-08,-1.0778282004913294e-06,0.010531339895953758,0.018605788329479768,-2.6505537559572256e-05,-1.3595049591973063e-05,0.00837538374566474,0.017341100572254332,0.02104379236416185,2.7741999739884394e-06,0.006499496774566474,0.012439540341040462,-1.0477379000000001e-07,-7.538656329578034e-06,3.797233617919075e-06,0.0018446799485549131,-7.086966623121387e-06,0.022439599,0.002505411794797688,3.123968126011561e-08,0.018886416089595376,-1.185565542947977e-07,-7.22486948199422e-07,0.00139822360867052,-3.6568354223121387e-06,0.0030049732630057805,-1.9339661294797688e-05,1.2309715601156068e-06,0.010124134184971099,0.004518550130635838,-1.4105692924855491e-05,7.462693129479769e-08,-1.6448072257225435e-07,2.6174438754683065e-05,1.435071220231214e-07,0.015472245057803468,0.011688372960693643,0.00013779919797687862,9.507393121387283e-06,2.0854761996391733e-05,0.006391401015028901,-1.7564582473063588e-08,1.2529989727672255e-06,0.0018806810647398842,-4.264563738720809e-05,-6.31630258495607e-05,1.3976568208092486e-09,0.003298685202312139,0.010613197546820809,0.007224801667052023,0.0025812163219653176,0.020451138911560696,2.2554824e-05,3.946888128821064e-05,0.006802254791907515,-1.8449405976219652e-06,0.0049075778647398845,0.0009783145238786127,0.001169215221965318,0.011666090242774567,7.627047492485549e-07,0.015726635427745665,0.0001286997260797688,5.342417295375722e-05,0.020178292351445085,6.442014200114104e-06,0.013999472777456647,0.034687969468208096,0.00848473131965318,0.007663826526589595,2.2220753682080925e-05,0.008613400759537572,0.051793660676300576,0.028690787075144508,0.011173632760693641,0.01612034707514451,0.01600100561849711,0.004293423848554913,0.008489785546242775,0.003030118988959537,0.02362253571965318,1.2533152265895954e-10,0.007155119853757225,-9.789250170809248e-08,-1.1936644345680001e-05,0.005918832887794459,-8.70598170982659e-08,4.048637322799769e-06,1.2775070974760635e-05,8.133676179768786e-07,0.010601580268786128,0.0003325808689595376,0.0009453316603468208,0.0023135652173410406,0.002614501412716763,0.0035630831676300577,-1.8916159492163583e-05,2.3276188894342198e-06,-2.0684356722254333e-05,-4.012618114340463e-06,-0.00011659024356220086,0.005949813224855491,0.00022674592878612715,0.00014961829485549133
